{"drone_genome": [1.9569446946263787, 1.6413272336604008, 2.8984075762537826, -0.9350493259137842, 0.7843060922682848, 0.8029550045084818, 1.2586149876601103, -0.4381491300857012, 1.1642301444260044, 1.0176559663193978, 1.5193426159461825, 0.16006224062094976, 0.8934737258302672, 1.6230327471477102, 0.21193726815365177, -0.40204597513489415, 0.3052015129693536, 1.6083794859786371, 0.3207905727703547, 0.2595683201432901, 1.3563488688505125, 2.7638696105088543, 0.7120992247122598, 0.3959796303796639, 4.8627802520499355, 2.41649928926882, 0.145223131587644, 0.2031607812220082, 2.9335840369244175, 2.939595357726245, 2.891023031535508, 0.18494654048285764], "prey_genome": [1.536088893016712, 92.60456676700286, 2.7015389824658094, 3.9303845401503494, 61.95584378187411, 0.15263867373029294, 2.941684905960582, 161.34246493152733, -0.3345063668524183, 1.4372856879708968, 403.973992027466, 2.0651274539849833]}