{"drone_genome": [1.4980064020597739, 0.7108008707288787, 0.32563300717871435, 0.4112285898485286, 1.9276569750995858, 2.2274402579459602, 0.1331061998351536, -0.4870128354891612, 2.290053961581522, 0.9147199137581553, 0.30011807063621665, -0.6542507831212849, 3.2225759882132294, 1.4286575591922628, 0.6103320330122635, 0.7034536271230412, 3.409870242301797, 2.196944793181582, 0.24275824704116322, 0.1566728983267529, 0.9499113174221707, 2.4377352184363725, 2.877913003135256, -0.13424711933836697, 2.642822202120094, 2.3940502638298486, 0.3296388647029106, -0.26409898927420783, 2.0238969990458577, 2.6871463073525605, 0.8809081395495336, 0.2610045873844482], "prey_genome": [3.5720522932333205, 190.48125891123755, 2.5877122524429117, 4.781536035069568, 564.1910976148545, 1.739352787436796, 3.872385859367645, 398.76745637424654, 0.6689706124878636, 2.9978613228545945, 66.63756447482714, 2.1979460939063116, 3.702403274275265, 6.703363674206251, 0.7453309813285945, 3.418695075861808, 109.95024039716353, -0.3916589283872367]}