{"drone_genome": [3.4430138110449504, 0.7692046100785964, -0.3926670401946656, -0.3472896761405677, 5.437662607394074, 0.26594966995553027, 0.22341395623258375, 0.40178389982602836, 2.8407154709426212, 2.5176345433534233, 0.04514874149341941, -0.9593752169575873, 5.079133521384773, 2.2756598486411423, 0.8023273198129776, 0.1782049071362295, 1.588390693395577, 0.08938561626480723, 0.05193459768976405, 0.8731851533687531, 3.102379877619242, 0.33569356507358794, 0.15501064511640372, -0.07165893351072694, 6.847106394561543, 1.671587474446506, 0.22894950694143634, -0.9692933779844011, 0.3172409428497379, 1.1349286855865008, 0.18025995008659945, 0.9975650379055914], "prey_genome": [3.4825020751986733, 557.344765450591, 3.6323578317706615, 2.9536220351670375, 205.06567887066282, 0.10872825955750914, 2.9556511906182172, 249.87033802966926, 0.5896919955126143, 3.79618786724248, 101.18872730859451, 0.42995722845889073, 3.8739194627541598, 2.8393217321189823, 1.1949922257181393, 2.047239059806229, 235.20497348270203, 0.4078336834416486]}