{"drone_genome": [3.0363357948959555, 2.9448275644309185, 1.1046175092721846, 0.5242298404143453, 3.314348041244779, 2.648959318141355, 2.685061168606507, -0.7318444982051424, 3.490780230297959, 1.259539529231556, 0.11236745902082501, 0.7588367699488721, 4.708153100885901, 2.9545759970887513, 2.126676028213157, 0.6328161737805214, 1.5926344695248558, 0.6167548203158045, 0.730955889443964, -0.08211164467553389, 3.63579714525011, 1.9050054248744446, 0.060898811004847286, -0.901616982004737], "prey_genome": [3.864478197570852, 531.0716403966084, 2.496392969140732, 4.011667684439491, 580.6386710870678, 3.3287184020229255, 1.118408016320012, 555.2249312914096, 0.9460848005913811, 1.6661234018512237, 241.99135981849136, 3.314832043873401]}